<?xml version="1.0" encoding="UTF-8" ?>
<!DOCTYPE log4j:configuration SYSTEM "log4j.dtd">

<log4j:configuration xmlns:log4j="http://jakarta.apache.org/log4j/">

<!--
    <appender name="SocketAppender" class="org.apache.log4j.net.SocketAppender">
		<param name="RemoteHost" value="localhost"/>
		<param name="Port" value="5000"/>
		<layout class="org.apache.log4j.PatternLayout">
  		   <param name="ConversionPattern" value="%n%p %t : %c %d{ABSOLUTE} - %m"/>
		</layout>
	</appender>
 -->
 
     <appender name="CONSOLE" class="org.apache.log4j.ConsoleAppender"> 
         <param name="Target" value="System.err"/>
         <layout class="org.apache.log4j.PatternLayout"> 
             <param name="ConversionPattern" value="%n%-5p %d{ABSOLUTE}(%t) [%c.%M] %m"/> 
         </layout> 
     </appender> 


<!--	
	<appender name="DebugFileAppender" class="org.apache.log4j.FileAppender">
		<param name="File" value="jactr-debug.log"/>
		<layout class="org.apache.log4j.PatternLayout">
  		   <param name="ConversionPattern" value="%n%-5p %d{ABSOLUTE}(%t) [%c.%M] %m"/>
		</layout>
	</appender>
-->
	
		
	<appender name="ErrorFileAppender" class="org.apache.log4j.FileAppender">
		<param name="File" value="jactr-error.log"/>
		<layout class="org.apache.log4j.PatternLayout">
  		   <param name="ConversionPattern" value="%n%-5p %d{ABSOLUTE}(%t) [%c.%M] %m"/>
		</layout>
	</appender>
    
<!--
    <logger name="org.jactr.debug.remote.RemoteDebugService">
      <level value="warn"/>
    </logger>    

	<logger name="org.jactr.debug.remote.comm.FrameExtractor">
      <level value="debug"/>
    </logger>    

	<logger name="org.jactr.debug.remote.antlr3">
      <level value="debug"/>
    </logger>   	
	
    <logger name="org.jactr.eclipse.core.jdt">
      <level value="debug"/>
    </logger>
   		

	<logger name="org.jactr.tools.async.common"><level value="debug"/></logger>
	<logger name="org.jactr.tools.async.controller"><level value="debug"/></logger>
	<logger name="org.jactr.tools.async.shadow"><level value="debug"/></logger>

	<logger name="org.jactr.io.antlr3.builder"><level value="debug"/></logger>
    <logger name="org.jactr.tools.shell"><level value="debug"/></logger>
-->
    <logger name="org.jactr.eclipse.grapher.core"><level value="debug"/></logger>

	<root>
	   <level value="error"/>
        <appender-ref ref="ErrorFileAppender"/>
        <appender-ref ref="CONSOLE"/>
	</root>
</log4j:configuration>